,hypervolume,epsilon_progress,nfe
0,0.0,0,0
1,0.7212622088655144,10,100
2,0.7287753568745303,11,1194
3,0.7287753568745303,11,2291
4,0.7287753568745303,11,3390
5,0.7287753568745303,11,4480
6,0.7287753568745303,11,5574
7,0.7287753568745303,11,6574
8,0.7287753568745303,11,7672
9,0.7287753568745303,11,8768
10,0.7287753568745303,11,9863
